9012568,False
844981,True
8813129,False
881094802,False
88350402,False
902727,False
9013579,False
869254,False
909411,False
855133,True
8610908,False
854039,True
899667,True
909410,False
90312,True
8911163,True
904357,False
859717,True
8810436,False
906564,False
8712766,True
88147102,False
899147,False
8912521,False
857374,False
897374,False
905686,False
873885,False
9113538,True
869224,False
8912055,False
90524101,True
911408,False
915664,False
9113846,False
903507,True
903516,True
904971,False
854253,True
865432,False
903483,False
9011494,True
88119002,True
907409,False
857793,True
89524,False
88725602,True
898143,False
901088,True
911296202,True
907914,True
897604,False
883263,True
89813,False
8953902,True
91858,False
863270,False
926682,True
879523,False
861598,False
897132,False
852763,True
883852,False
88203002,False
912519,False
8670,True
914102,False
917062,False
927241,True
87139402,False
906616,False
9112712,False
86135502,True
889403,False
8810158,False
902976,False
9113816,False
862028,True
894090,False
926125,True
915452,False
85638502,True
901303,False
874662,False
86517,True
859711,False
8612399,True
859983,False
861597,False
866674,True
905557,False
91544001,False
91544002,False
9011971,True
862717,True
84862001,True
868999,False
888264,True
924342,False
905978,False
897630,True
845636,True
898677,False
86409,False
84358402,True
9013005,False
8912280,False
9110127,True
915691,True
857155,False
89344,False
909777,False
8915,False
90251,False
9012315,True
888570,True
84667401,True
868826,True
861853,False
914366,False
8511133,True
8910996,False
896839,True
913063,False
919537,False
857392,True
923465,False
893783,False
916799,True
901034301,False
915143,True
895100,True
91813702,False
924632,False
89346,False
884626,False
875099,False
8610629,False
861103,False
87106,False
891923,False
8510426,False
861799,False
858477,False
88995002,True
8810703,True
8910721,False
854002,True
907915,False
875878,False
887549,True
871001502,False
8610637,True
8910988,True
899187,False
904969,False
859283,True
8911164,False
87163,True
86408,False
855167,False
921385,False
906878,False
8810987,False
84300903,True
9110720,False
877500,True
9013594,False
859471,True
917080,False
846381,False
867739,True
8712729,True
911673,False
913505,True
862722,False
91227,False
891670,False
923780,False
873592,True
857810,False
85382601,True
91903902,False
911366,False
913102,False
895633,True
893988,False
92751,False
9111596,False
91979701,True
912558,False
855625,True
877159,True
922840,False
869691,True
886226,True
883539,False
88249602,False
89864002,False
926954,True
901836,False
908916,False
911320501,False
9112085,False
87556202,False
86135501,True
865423,True
862548,False
862980,False
8711003,False
89869,False
872113,False
859465,False
873586,False
903554,False
916838,True
882488,False
911157302,True
9011495,False
898678,False
8711803,True
908445,True
864685,False
85922302,True
90439701,True
864877,True
91594602,False
91930402,True
89143601,False
8610404,True
905520,False
911201,False
925236,False
9010018,True
924934,False
871642,False
88206102,True
915940,False
91550,False
852552,True
891716,False
905502,False
901549,False
917896,False
9113514,False
914101,False
84458202,True
866203,True
886776,True
8710441,True
854941,False
871641,False
86211,False
8812844,False
925277,False
903011,False
854268,True
8611792,True
89143602,False
856106,True
853612,True
91376701,False
8711561,False
865137,False
922576,False
926424,True
884948,True
8711002,False
9012000,True
913535,False
9010259,False
8811842,True
8510824,False
86973702,False
897137,False
852781,True
897880,False
871149,False
911320502,False
9010598,False
862485,False
8910506,False
8812877,True
911202,False
